[{"pk": 1, "model": "keywords.keywordsection", "fields": {"detail": "\u6280\u672f\u5b85\u62ef\u6551\u4e16\u754c", "icon": "icon/1295946366901.jpg", "user": 1, "title": "Programing"}}, {"pk": 2, "model": "keywords.keywordsection", "fields": {"detail": "\u8001\u8872\u5f88\u4e45\u6728\u6709\u770b\u8fc7\u52a8\u6f2b\u4e86", "icon": "icon/1306755797687.jpg", "user": 1, "title": "ACG"}}, {"pk": 3, "model": "keywords.keywordsection", "fields": {"detail": "\u7231\u7535\u5f71\uff0c\u7231\u751f\u6d3b", "icon": "icon/1303784150961.jpg", "user": 1, "title": "Film/Movie"}}, {"pk": 4, "model": "keywords.keywordsection", "fields": {"detail": "Creativity Makes Life Better", "icon": "icon/m_1306839860211.jpg", "user": 1, "title": "Design"}}, {"pk": 1, "model": "keywords.keyword", "fields": {"permalink": "Django", "section": 1, "name": "Django"}}, {"pk": 2, "model": "keywords.keyword", "fields": {"permalink": "Python", "section": 1, "name": "Python"}}, {"pk": 3, "model": "keywords.keyword", "fields": {"permalink": "", "section": 1, "name": "Qt"}}, {"pk": 4, "model": "keywords.keyword", "fields": {"permalink": "", "section": 1, "name": "C++"}}, {"pk": 5, "model": "keywords.keyword", "fields": {"permalink": "JavaScript", "section": 1, "name": "JavaScript"}}, {"pk": 6, "model": "keywords.keyword", "fields": {"permalink": "Rails", "section": 1, "name": "Rails"}}, {"pk": 7, "model": "keywords.keyword", "fields": {"permalink": "HTML", "section": 1, "name": "HTML"}}, {"pk": 8, "model": "keywords.keyword", "fields": {"permalink": "Objective_C", "section": 1, "name": "Objective-C"}}, {"pk": 9, "model": "keywords.keyword", "fields": {"permalink": "OpenCV", "section": 1, "name": "OpenCV"}}, {"pk": 10, "model": "keywords.keyword", "fields": {"permalink": "Hikaru_No_Go", "section": 2, "name": "Hikaru No Go"}}, {"pk": 11, "model": "keywords.keyword", "fields": {"permalink": "Spirited_Away", "section": 2, "name": "Spirited Away"}}, {"pk": 12, "model": "keywords.keyword", "fields": {"permalink": "", "section": 2, "name": "\u5343\u5e74\u5973\u4f18"}}, {"pk": 13, "model": "keywords.keyword", "fields": {"permalink": "Avatar", "section": 2, "name": "Avatar"}}, {"pk": 14, "model": "keywords.keyword", "fields": {"permalink": "", "section": 2, "name": "\u5e7d\u7075\u516c\u4e3b"}}, {"pk": 15, "model": "keywords.keyword", "fields": {"permalink": "The_Lord_of_the_Ring", "section": 3, "name": "The Lord of the Ring"}}, {"pk": 16, "model": "keywords.keyword", "fields": {"permalink": "The_Social_Network", "section": 3, "name": "The Social Network"}}, {"pk": 17, "model": "keywords.keyword", "fields": {"permalink": "How_To_Train_Your_Dragon", "section": 3, "name": "How To Train Your Dragon"}}, {"pk": 18, "model": "keywords.keyword", "fields": {"permalink": "Dead_Poets_Society", "section": 3, "name": "Dead Poets Society"}}, {"pk": 19, "model": "keywords.keyword", "fields": {"permalink": "Fight_Club", "section": 3, "name": "Fight Club"}}, {"pk": 20, "model": "keywords.keyword", "fields": {"permalink": "A_Space_Odyssey", "section": 3, "name": "A Space Odyssey"}}, {"pk": 21, "model": "keywords.keyword", "fields": {"permalink": "", "section": 3, "name": "\u7f8e\u4e3d\u5fc3\u7075"}}, {"pk": 22, "model": "keywords.keyword", "fields": {"permalink": "La_vita_e_bella", "section": 3, "name": "La vita e bella"}}, {"pk": 23, "model": "keywords.keyword", "fields": {"permalink": "Pixar", "section": null, "name": "Pixar"}}, {"pk": 24, "model": "keywords.keyword", "fields": {"permalink": "Photoshop", "section": 4, "name": "Photoshop"}}, {"pk": 25, "model": "keywords.keyword", "fields": {"permalink": "CorelDraw", "section": 4, "name": "CorelDraw"}}, {"pk": 26, "model": "keywords.keyword", "fields": {"permalink": "Rhino", "section": 4, "name": "Rhino"}}, {"pk": 27, "model": "keywords.keyword", "fields": {"permalink": "Ds_Max", "section": 4, "name": "3Ds Max"}}, {"pk": 28, "model": "keywords.keyword", "fields": {"permalink": "Maya", "section": 4, "name": "Maya"}}, {"pk": 29, "model": "keywords.keyword", "fields": {"permalink": "ActionScript", "section": 1, "name": "ActionScript3"}}, {"pk": 30, "model": "keywords.keyword", "fields": {"permalink": "LaTeX", "section": 4, "name": "LaTeX"}}, {"pk": 31, "model": "keywords.keyword", "fields": {"permalink": "Owl_City", "section": null, "name": "Owl City"}}, {"pk": 32, "model": "keywords.keyword", "fields": {"permalink": "Yanni", "section": null, "name": "Yanni"}}, {"pk": 33, "model": "keywords.keyword", "fields": {"permalink": "Enya", "section": null, "name": "Enya"}}, {"pk": 34, "model": "keywords.keyword", "fields": {"permalink": "", "section": null, "name": "\u8bb8\u5d69"}}, {"pk": 35, "model": "keywords.keyword", "fields": {"permalink": "Hackintosh", "section": null, "name": "Hackintosh"}}, {"pk": 36, "model": "keywords.keyword", "fields": {"permalink": "Google", "section": null, "name": "Google"}}, {"pk": 37, "model": "keywords.keyword", "fields": {"permalink": "Apple", "section": null, "name": "Apple"}}, {"pk": 38, "model": "keywords.keyword", "fields": {"permalink": "Twitter", "section": null, "name": "Twitter"}}, {"pk": 39, "model": "keywords.keyword", "fields": {"permalink": "Facebook", "section": null, "name": "Facebook"}}, {"pk": 40, "model": "keywords.keyword", "fields": {"permalink": "", "section": null, "name": "\u5165\u515a\u4e0d\u79ef\u6781"}}, {"pk": 41, "model": "keywords.keyword", "fields": {"permalink": "Firefox", "section": null, "name": "Firefox"}}, {"pk": 42, "model": "keywords.keyword", "fields": {"permalink": "Chrome", "section": null, "name": "Chrome"}}, {"pk": 43, "model": "keywords.keyword", "fields": {"permalink": "Linux", "section": null, "name": "Linux"}}, {"pk": 44, "model": "keywords.keyword", "fields": {"permalink": "GNome", "section": null, "name": "GNome3"}}, {"pk": 45, "model": "keywords.keyword", "fields": {"permalink": "Vim", "section": null, "name": "Vim"}}, {"pk": 1, "model": "user_profile.userprofile", "fields": {"sub_header": "while(success!=try());", "profile": "", "user": 1, "title": "ANT is Not Tank"}}, {"pk": 1, "model": "user_profile.contactinfopair", "fields": {"value": "http://www.facebook.com/yun.er.run", "pair_order": 0, "type": "facebook", "user": 1, "key": "Facebook"}}, {"pk": 2, "model": "user_profile.contactinfopair", "fields": {"value": "http://twitter.com/#!/yun_er_run", "pair_order": 1, "type": "twitter", "user": 1, "key": "Twitter"}}, {"pk": 3, "model": "user_profile.contactinfopair", "fields": {"value": "http://antisnottank.tumblr.com", "pair_order": 2, "type": "tumblr", "user": 1, "key": "tumblr"}}]